{
  "project_info": {
    "project_number": "786053548001",
    "firebase_url": "https://firetut1-effdb.firebaseio.com",
    "project_id": "firetut1-effdb",
    "storage_bucket": "firetut1-effdb.appspot.com"
  },
  "client": [
    {
      "client_info": {
        "mobilesdk_app_id": "1:786053548001:android:970f52210d763fb055b4a0",
        "android_client_info": {
          "package_name": "com.example.myapplication34"
        }
      },
      "oauth_client": [
        {
          "client_id": "786053548001-jivobhusmn92ovipssqe97ksfoe1ldbn.apps.googleusercontent.com",
          "client_type": 3
        }
      ],
      "api_key": [
        {
          "current_key": "AIzaSyDm_l8iNBLJJgm_Skhs7TCLzrNXF1rOzK4"
        }
      ],
      "services": {
        "appinvite_service": {
          "other_platform_oauth_client": [
            {
              "client_id": "786053548001-jivobhusmn92ovipssqe97ksfoe1ldbn.apps.googleusercontent.com",
              "client_type": 3
            }
          ]
        }
      }
    }
  ],
  "configuration_version": "1"
}